Year,Afghanistan,Angola,Albania,Andorra,United Arab Emirates,Argentina,Armenia,Antigua and Barbuda,Australia,Austria,Azerbaijan,Burundi,Belgium,Benin,Burkina Faso,Bangladesh,Bulgaria,Bahrain,"Bahamas, The",Bosnia and Herzegovina,Belarus,Belize,Bolivia,Brazil,Barbados,Brunei Darussalam,Bhutan,Botswana,Central African Republic,Canada,Switzerland,Chile,China,Cote d'Ivoire,Cameroon,"Congo, Dem. Rep.","Congo, Rep.",Colombia,Comoros,Cabo Verde,Costa Rica,Cuba,Cyprus,Czech Republic,Germany,Djibouti,Dominica,Denmark,Dominican Republic,Algeria,Ecuador,"Egypt, Arab Rep.",Spain,Estonia,Ethiopia,Finland,Fiji,France,Gabon,United Kingdom,Georgia,Ghana,Guinea,"Gambia, The",Guinea-Bissau,Equatorial Guinea,Greece,Grenada,Guatemala,Guyana,Honduras,Croatia,Haiti,Hungary,Indonesia,India,Ireland,"Iran, Islamic Rep.",Iraq,Iceland,Israel,Italy,Jamaica,Jordan,Japan,Kazakhstan,Kenya,Kyrgyz Republic,Cambodia,Kiribati,St. Kitts and Nevis,"Korea, Rep.",Lao PDR,Lebanon,Liberia,Libya,St. Lucia,Liechtenstein,Sri Lanka,Lesotho,Lithuania,Luxembourg,Latvia,Morocco,Moldova,Madagascar,Maldives,Mexico,North Macedonia,Malta,Myanmar,Montenegro,Mongolia,Mozambique,Mauritania,Mauritius,Malawi,Malaysia,Niger,Nigeria,Nicaragua,Netherlands,Norway,Nepal,Nauru,New Zealand,Oman,Pakistan,Panama,Peru,Philippines,Papua New Guinea,Poland,"Korea, Dem. People's Rep.",Portugal,Paraguay,Qatar,Romania,Russian Federation,Rwanda,Saudi Arabia,Sudan,Senegal,Singapore,Solomon Islands,Sierra Leone,El Salvador,Somalia,Serbia,South Sudan,Sao Tome and Principe,Suriname,Slovak Republic,Slovenia,Sweden,Eswatini,Seychelles,Syrian Arab Republic,Chad,Togo,Thailand,Tajikistan,Turkmenistan,Tonga,Trinidad and Tobago,Tunisia,Turkiye,Tuvalu,Tanzania,Uganda,Ukraine,Uruguay,United States,Uzbekistan,St. Vincent and the Grenadines,"Venezuela, RB",Vietnam,Vanuatu,Samoa,"Yemen, Rep.",South Africa,Zambia,Zimbabwe,Total Emissions
1990-01-01,0.191745115,0.553661955,1.819541634,7.521831658,30.19518857,3.075541328,5.610254358,3.358226856,15.44848844,7.58936421,7.453450775,0.031255981,10.96677472,0.066285172,0.056747035,0.111658248,8.443170443,21.65641314,7.649467074,5.370319006,9.797486552,1.759493266,1.516423036,1.328159172,3.755753393,12.60078697,0.150715617,2.183786203,0.053442784,15.14888987,6.452219106,2.299124713,1.914542564,0.227256089,0.246178169,0.091875589,1.357807819,1.472091184,0.170068854,0.295899134,0.920038109,3.361333119,5.987352208,14.53545339,12.02660923,0.457322495,0.852006475,10.13239021,1.101844805,2.443429976,1.507194213,1.563210403,5.530352721,22.4831663,0.048237691,10.94169357,0.947054181,6.117208209,4.318093972,9.812990193,6.974177426,0.188854549,0.157423742,0.198829002,0.174311597,0.143133868,7.416057913,1.141931733,0.434248626,1.574048911,0.494419916,4.257574464,0.144929287,6.498947174,0.818737765,0.645361649,8.810537585,3.521081033,3.686180806,7.65228038,7.255364807,7.145018163,3.086903142,2.784720103,8.831775701,14.51247859,0.258803383,5.18309346,0.140380634,0.276265989,2.732240437,5.77756339,0.119761295,2.004971759,0.216771672,6.446286319,1.376622059,6.946856547,0.221635184,0.199558975,8.713199442,29.56658374,7.051796913,0.866674748,10.2825876,0.076733088,0.716977581,3.211459758,4.303137233,6.522291555,0.098705248,3.166373117,5.93826675,0.086238147,0.462064731,1.095605771,0.058482648,3.029425024,0.07101395,0.764290772,0.462448798,9.924081247,6.91033516,0.049721033,13.67557332,6.700102108,6.577792886,0.548361744,1.088651877,0.946019228,0.663702849,0.470119976,9.189263028,6.077448065,4.113903954,0.49012493,26.32932654,7.440359782,14.62146834,0.075457378,10.55884314,0.266533092,0.309580822,9.507300635,0.480971177,0.074078138,0.451606562,0.101036818,8.161086211,0.078286865,0.419424382,4.343866387,10.34309603,6.771226142,6.233324979,0.680914809,2.158056023,2.602407424,0.065400579,0.259650108,1.577490201,2.085615856,12.12005066,0.841494073,10.76879359,1.764025978,2.581518206,1.122334456,0.074988549,0.04552161,13.27040704,1.23810216,19.40734628,5.742077036,0.744262204,5.176576894,0.284311304,0.477571209,0.55283574,0.56703735,6.729798587,0.340929635,1.585443976,800.9298992829996
1991-01-01,0.167681579,0.544538649,1.24281022,7.23537924,31.77849624,3.202031307,5.902576393,3.472057826,15.31821338,8.049113779,7.159655082,0.039533341,11.39089005,0.052432316,0.056353056,0.102557668,6.815048526,20.30359266,7.815882333,4.906942041,9.438839323,2.249707015,1.550319934,1.354979891,3.741714774,12.69683856,0.243155636,2.058325247,0.048636324,14.74101397,6.716198199,2.171133484,2.000538765,0.22568426,0.574233855,0.048456844,1.316923666,1.494149829,0.165143805,0.288826182,0.955627946,2.568971064,6.525172994,13.28020218,11.65485055,0.477883077,0.85255126,12.18400644,1.131985212,2.516243273,1.50298745,1.556302956,5.699785887,20.20093332,0.04696636,10.99578359,0.924669363,6.500247467,4.673160584,9.93784978,5.275129759,0.168339541,0.156084161,0.201476622,0.170422306,0.161721082,7.346951195,1.244013187,0.433481836,1.531276319,0.480524631,3.143512656,0.139302715,6.222646384,0.879778596,0.681306247,8.904331489,3.798607899,2.546192431,7.408930282,6.975146494,7.119107279,3.037720619,2.600722831,8.905650027,14.97534208,0.240195282,4.574782687,0.139945989,0.271399881,2.724053391,6.346819075,0.125592741,2.40955608,0.181360014,6.34208763,1.428561225,7.200164575,0.227535412,0.200856913,9.257224496,30.36175711,6.489143324,0.91526633,8.267454158,0.079545775,0.696430359,3.3679239,4.204075244,6.074015034,0.095965184,2.240139679,6.654889856,0.070528058,0.469367991,1.167933953,0.06666416,3.515129989,0.065148631,0.838865429,0.449904747,10.2529576,6.412885653,0.060807484,13.31148884,6.474778976,8.300941882,0.544418959,1.236566704,0.899993575,0.640613627,0.461322646,9.193594772,5.693587281,4.294075391,0.46604472,30.73741059,6.20664484,14.39705709,0.07058231,11.2045202,0.229759152,0.300431835,9.719040931,0.498782659,0.07818495,0.574670687,0.09760757,6.872367238,0.075643258,0.410007462,4.963572222,9.039664782,6.371819154,6.294260143,0.662512555,2.413435739,2.79117312,0.064965808,0.240745659,1.713537757,1.883111545,9.973112973,0.944951335,10.61745591,1.783372772,2.622145146,1.1093854,0.071766832,0.045116466,12.53699484,1.395427405,19.00340342,5.659602902,0.835096314,5.025299664,0.285150749,0.46444353,0.609756098,0.690937429,6.424621766,0.349232211,1.713321439,793.4509709389998
1992-01-01,0.095957742,0.543557223,0.683699826,6.9630787,29.08092584,3.218973722,3.16600926,4.49898385,15.34152615,7.353926794,8.616847624,0.0316591,11.18250206,0.052515049,0.055931359,0.109460957,6.482311113,23.45712527,9.660637226,3.772138283,8.612563831,2.573022375,1.557063153,1.347535542,4.488569364,13.10754761,0.224498386,2.420169251,0.050688759,15.0282342,6.646920803,2.209941852,2.07574444,0.216196337,0.548021965,0.039642237,1.257055879,1.52545272,0.160383454,0.309194604,1.262731913,2.027684176,6.844780855,12.99916669,11.07379165,0.487765222,1.13401185,11.02802546,1.29853669,2.472960779,1.572395858,1.54942798,5.934211892,15.53723817,0.029558418,10.36891768,0.967130979,6.263082143,4.518374223,9.688886854,4.118190212,0.196763056,0.156342316,0.194651749,0.176409537,2.01221189,7.51798648,1.749673223,0.5060742,1.442700736,0.520527766,3.286844013,0.12295937,5.593412349,0.913551696,0.688755269,8.855028763,3.974966067,3.6592377,7.431327258,7.195002928,7.082581542,3.311598681,2.999245538,8.961703838,15.44123931,0.234935687,3.056207645,0.140275786,0.267497693,3.686318842,6.790030585,0.133323082,2.282085983,0.19983893,5.663424854,2.116282679,7.106118029,0.295994317,0.196377233,5.399833627,29.17065086,5.343608975,0.967663773,6.825365369,0.078040291,0.973458444,3.349750726,4.294351118,5.902866563,0.100939382,2.432146402,5.732127774,0.079675509,0.47138,1.217216981,0.065042504,3.53476829,0.058365034,0.916617756,0.51323011,10.09275057,7.045537737,0.061690247,11.96410768,6.903191098,7.522921717,0.588002264,1.413071454,0.915668698,0.677021163,0.45076564,8.950395696,5.000141613,4.699324611,0.555678165,29.63244066,5.536037017,13.67197153,0.074601935,11.69031249,0.208791938,0.321648442,9.722357212,0.515145271,0.073601677,0.618500323,0.093209675,6.2761364,0.067854766,0.321094289,4.873317517,8.689888965,6.426252368,6.547019076,0.66897733,2.543702217,2.665368686,0.064498459,0.19007061,1.867290884,1.39754911,7.205418269,0.838592004,10.63326554,1.870242766,2.687046317,1.097694841,0.068988017,0.044177064,11.01889918,1.512145189,19.02286035,5.272040655,1.111718439,5.015640373,0.293580361,0.386657731,0.604266119,0.704793064,6.175429944,0.33722439,1.694415977,772.7226935020004
1993-01-01,0.08472111,0.70898423,0.638307036,6.724177518,29.27567777,3.245795281,1.498612445,3.800720617,15.45536877,7.311242503,6.411111704,0.032769615,10.91876374,0.052519477,0.055483015,0.113909624,6.601503037,24.37468762,7.710327781,3.285167225,7.463583047,2.378241619,1.3948037,1.372402004,3.789759312,13.95180415,0.244090201,2.322905275,0.052525353,14.71338582,6.26237251,2.317687556,2.244840637,0.223032003,0.448535384,0.048949095,1.050830508,1.592418764,0.155808311,0.300499649,1.239510862,1.867588962,7.010687023,12.67975204,10.93025817,0.485041326,1.129656302,11.4404039,1.261517476,2.613303742,1.546326858,1.547411237,5.540472762,12.2747181,0.036400784,10.55177326,0.927198985,5.911675954,4.515575823,9.379643108,3.276251756,0.198053537,0.156585939,0.197952418,0.172509466,2.075061009,7.465286989,1.526966224,0.521928185,1.445353057,0.537592948,3.377920874,0.092484818,5.636482777,0.969813213,0.702336947,8.850025208,3.963749034,4.724853017,7.507820647,7.698156244,6.984291424,3.348650458,2.903684085,8.873018289,13.38406629,0.224209954,2.238359865,0.138405153,0.396243611,3.402931382,7.41266563,0.132036175,3.182251845,0.21247523,6.430943902,2.022286997,7.336512489,0.283963689,0.197559373,4.274139042,29.3100195,4.587853891,0.978008048,5.855813131,0.078892544,0.824415901,3.392592466,4.455591263,7.567841253,0.112147375,2.114164905,5.235958353,0.089764421,0.477590108,1.339561535,0.074147802,3.748543552,0.064331929,0.839721221,0.492997641,10.34311274,7.520887683,0.068814146,10.69310781,6.707351212,7.325880047,0.629875234,1.445095498,0.931300166,0.717783418,0.446550077,8.94455034,4.547670648,4.595232659,0.619029493,33.12202505,5.170608102,12.66513195,0.08142077,11.44269558,0.142490378,0.305102295,10.91302746,0.530189896,0.076230693,0.713963338,0.087481123,5.548551318,0.048209388,0.314797035,4.812769258,8.322528005,6.808097016,6.480427217,0.664634462,2.629648596,2.645027959,0.062462627,0.156364636,2.103611326,0.924317359,6.724362713,0.941856084,8.620100434,1.865634735,2.746152562,1.087665869,0.068848781,0.042240331,9.569138661,1.412956528,19.2183334,5.222404521,1.203302603,5.109697434,0.335268281,0.375603313,0.658221486,0.627104927,6.219193872,0.289956061,1.539740958,755.8189152810006
1994-01-01,0.075545827,0.836804405,0.645355189,6.541578914,30.84933296,3.252945287,0.83443373,3.720182735,15.69196304,7.343640808,4.412529372,0.032209046,11.35869013,0.049000606,0.055008952,0.120101811,6.36222195,24.32722575,7.504105507,0.802738048,6.337174653,2.231268501,1.274978599,1.39557303,3.888362471,14.75201415,0.263204896,2.147746853,0.051036406,15.06034534,6.089683784,2.515821652,2.32219225,0.224965523,0.349180537,0.054902777,0.782572193,1.587852986,0.15142338,0.292235308,1.402208667,2.00397455,7.143676294,12.06841342,10.75537534,0.465965255,1.126062722,12.13941892,1.44982103,2.609009067,1.677373454,1.438724008,5.776362895,12.18449875,0.040956131,11.77792413,0.91430721,5.805094459,4.369819116,9.248649611,2.158775007,0.208916042,0.158167092,0.191917706,0.168800904,2.149868816,7.583999957,1.610549097,0.540970172,1.857962092,0.585694388,3.196458144,0.024992377,5.586195195,1.027138052,0.725358158,9.141078424,4.401507243,5.226377052,7.856522605,8.031116873,6.901240953,3.339920177,2.945339799,9.273035198,12.33574177,0.217806655,1.450687692,0.143440027,0.391297543,3.604209717,7.936106147,0.135139786,3.31143438,0.211428091,7.959016831,2.136752137,6.575702778,0.318881886,0.193410816,4.049608109,26.8288143,4.054361771,1.042337759,4.770134505,0.09260291,0.804563484,3.621484603,4.314449166,6.69695862,0.130234082,2.060881043,4.525373003,0.073588194,0.474391715,1.356881365,0.075930962,3.991488828,0.059989206,0.743919145,0.554945043,10.22308107,7.934763835,0.082696086,10.48018293,6.693370166,7.535784504,0.63350157,1.505150483,0.945017704,0.755490772,0.406659423,8.814909778,4.112989451,4.734012075,0.715801818,36.46626328,5.066384997,11.35417901,0.079174523,11.32945089,0.201384281,0.308471769,11.10835531,0.543987082,0.081210642,0.801881941,0.085451629,5.029323282,0.066518357,0.386321141,4.75753794,7.799741542,6.841110803,6.661165994,0.672085956,2.829997979,2.683777468,0.063411943,0.220840821,2.327972141,0.535289582,8.152890388,0.940055777,7.034661916,1.830971655,2.672146507,1.080030241,0.066336376,0.036880718,8.005754853,1.333896048,19.25621185,4.865710328,1.295588521,4.960755178,0.362247903,0.365568337,0.592806881,0.653255714,6.215847077,0.241269619,1.417186242,748.376454074
1995-01-01,0.068467956,0.912141485,0.605436253,6.733479486,31.12501806,3.241341893,1.090960291,3.931733458,16.05688358,7.697264741,4.225196328,0.033405467,11.30237113,0.050799654,0.056492248,0.1437007,6.528617961,24.01995395,7.852123107,0.880114096,5.654400196,2.222630241,1.125639469,1.489199885,4.023237014,15.48237702,0.299272954,2.171289562,0.049648396,15.29060285,6.169852459,2.709851091,2.563478593,0.237327972,0.344118052,0.050750141,0.975057728,1.628436527,0.168281468,0.310649049,1.35664009,2.128901202,6.838977731,12.12132597,10.70862967,0.507626292,1.40637086,11.46488125,1.514213851,2.658062574,1.826244052,1.503512728,6.05602903,11.31812278,0.045049857,10.98126587,0.915623372,5.915833662,4.802060185,9.079951871,1.756223321,0.218054975,0.159567934,0.194935747,0.165312026,2.214313321,7.842151122,1.695151866,0.617296792,2.009725495,0.677875849,3.346298617,0.11621137,5.56009242,1.135810516,0.765476409,9.268903784,4.419079656,4.96641528,7.477530022,8.436429216,7.32562417,3.425813187,2.96371067,9.332839199,11.07974884,0.229398295,1.008683449,0.137948573,0.386020897,3.564892934,8.547004567,0.13824475,3.769436333,0.205413426,8.785975417,2.314956663,6.475845098,0.319027927,0.194880644,3.786060574,21.19302539,3.621648768,1.066523229,4.112038484,0.101666718,1.023042055,3.347468763,4.295959328,6.305988835,0.158080806,2.174225779,4.473422085,0.075565399,0.505698837,1.380899224,0.076185306,4.212791305,0.055846561,0.798252208,0.569624811,10.61581838,7.889091169,0.088060506,10.35196687,6.623291773,8.560668921,0.668461106,1.591434287,1.055591698,0.88487222,0.410637002,8.80943173,3.815701001,5.055766027,0.791318441,37.10217413,5.328802734,11.02262056,0.078814493,10.98944728,0.187177775,0.317600779,10.66248717,0.556675091,0.055762691,0.881213488,0.080089198,5.842349414,0.070338822,0.379711268,4.730101324,7.901903749,7.271824519,6.596850845,0.679731905,2.655901413,2.717230104,0.062766051,0.231881699,2.619592168,0.435400602,8.077776703,1.041970575,6.872907032,1.838823504,2.875024751,1.075500108,0.092076907,0.046538612,7.750500846,1.454590567,19.21690864,4.307658547,1.388336125,5.199924655,0.419167085,0.416267743,0.705674802,0.706080534,6.378789568,0.234153214,1.35661892,747.3791104909997
1996-01-01,0.062588034,1.072168465,0.612367359,6.99159455,30.92802588,3.476953205,0.814339187,3.98996808,16.42783027,8.154273323,3.502511915,0.034652836,11.76078263,0.159165853,0.060736157,0.143051512,6.612597225,24.45300444,7.289245722,1.113053568,5.772882688,1.684919966,1.065652964,1.594086243,3.969338731,15.85582037,0.369364195,1.940555211,0.051386918,15.59259037,6.223265482,3.078005784,2.521875898,0.276165392,0.340710332,0.053090425,1.137907578,1.581869344,0.163724738,0.353952768,1.247122739,2.303624049,7.10993261,12.28667367,11.04000324,0.466092544,1.127824849,13.93482212,1.600700939,2.600933527,2.050726602,1.55562046,5.76863509,12.15037645,0.048740284,12.20979777,0.981655786,6.157003248,5.220388447,9.377833976,1.41594528,0.234216124,0.16479581,0.188988662,0.162040267,2.306898985,7.800128195,1.881132244,0.587456968,2.076758574,0.663850804,3.348623038,0.134393061,5.668572484,1.184184804,0.787965578,9.572482275,4.491698593,4.757717976,8.441297654,8.56113844,7.248469279,3.533139402,2.930582178,9.420310599,9.846435028,0.243796174,1.246651111,0.139307228,0.380208861,3.531738557,9.005884083,0.157537917,3.910639126,0.203658446,9.020738565,2.284378212,6.697710021,0.455156967,0.191284262,3.951007507,21.09964391,3.666742362,1.040043425,3.529729999,0.094226322,1.080338609,3.464414786,5.056696831,6.106789855,0.164446293,2.536812422,3.751234044,0.072679678,0.51835307,1.419758094,0.073831789,4.693205258,0.062076405,0.905675443,0.594739592,11.1792938,7.897134573,0.088726517,9.365926758,6.808681672,8.664736401,0.673894593,1.57708908,1.133562187,0.941433601,0.419625844,9.199373349,3.346835235,4.843031237,0.76110383,40.07417742,5.491400063,10.80709102,0.079825555,11.4348952,0.173913858,0.328738032,10.49389981,0.568309442,0.071881391,0.771536727,0.074192831,6.780178094,0.070855097,0.373694871,4.707646244,7.84797448,7.688718051,7.19941346,0.486511984,3.140662418,2.84801264,0.062060628,0.312729373,2.90552882,0.382817379,7.139630031,0.831022053,7.307877956,1.868929957,3.118979737,1.073306858,0.100839156,0.049921986,6.778787962,1.678274475,19.5753803,4.288482239,1.389107545,5.44277249,0.460504544,0.524105963,0.759501066,0.698158168,6.489191889,0.188442077,1.287559412,762.4128309630001
1997-01-01,0.056826618,1.086636974,0.466921472,7.307441152,30.48633262,3.536989954,1.066043297,4.04423557,16.62526327,8.059697484,3.379580901,0.034301787,11.45537702,0.197400553,0.064694261,0.157872086,6.375068154,24.23826789,6.507448767,2.272441362,5.848321407,2.076046485,1.148983181,1.682504665,4.325404668,16.76486239,0.344381952,1.992957783,0.050111542,15.94398546,6.030549707,3.468768605,2.547901551,0.328471818,0.338807137,0.05179433,1.140452477,1.701578179,0.159376837,0.37105935,1.207329377,2.49778657,7.06919961,12.11067678,10.63756246,0.499350844,1.416591115,12.0435399,1.793576202,2.502439231,2.087611577,1.634401164,6.206095959,11.98255135,0.050413985,11.79415293,0.946090502,5.988008873,4.871501018,8.988638193,1.268990897,0.24010305,0.168361791,0.191583328,0.176599662,3.075724333,7.856482991,1.969143521,0.607135726,2.269204129,0.668243103,3.764123733,0.158142712,5.538125216,1.287603307,0.818533297,9.789963505,4.631249508,5.546284281,7.929833879,8.733721727,7.303872086,3.560490016,2.963781232,9.302379082,8.623745101,0.225730104,1.211566306,0.145150804,0.374120816,3.733345778,9.39295698,0.164346412,4.409001141,0.193447711,8.245395474,2.319109462,6.911718505,0.451521115,0.193084133,3.893557086,19.64477292,3.506174443,1.077299946,3.263471871,0.098969463,1.288679331,3.619874761,4.502047956,6.452607297,0.161013705,2.739860874,3.647660018,0.078672088,0.505430917,1.410800812,0.075012864,4.916803438,0.060914527,0.869487341,0.625562126,10.65362429,8.294823544,0.096967992,9.395847036,7.322878375,8.898730931,0.681838478,1.625841347,1.109041596,1.024087359,0.440639199,8.916766668,3.023022384,5.038096338,0.822313137,47.42957483,5.037248861,10.07001565,0.079440514,11.33964215,0.206186281,0.35155444,10.05258641,0.552634488,0.053052906,0.925815065,0.06930337,7.412623259,0.08315389,0.368104483,4.689925468,7.852074131,7.920618584,6.486502129,0.612404195,3.621360856,2.772266632,0.062637486,0.169418038,2.924403912,0.422672489,7.003243305,0.931474524,7.691465093,1.903115863,3.203938424,1.072041166,0.092649428,0.051257442,6.48764888,1.700223659,20.33085525,4.256137238,1.482923212,5.586804265,0.529473607,0.514529748,0.755528434,0.728607666,6.723589319,0.238601068,1.186792976,770.2959078519993
1998-01-01,0.052690856,1.091825308,0.572153695,7.63953851,29.66358052,3.678793802,1.116225447,4.370450293,17.5629309,8.107272237,3.347655756,0.035566684,11.70341139,0.187009053,0.069287926,0.156908688,6.113759034,25.24046883,8.121128699,2.881367461,5.685088398,1.954414371,1.070798558,1.711514957,4.715334863,14.16328513,0.354372424,2.335281728,0.066177814,16.07651198,6.223627817,3.472487431,2.605836859,0.320089148,0.342303589,0.050836157,1.314518552,1.679686277,0.174627752,0.387866564,1.319700633,2.455903799,7.274047826,11.55194202,10.54575967,0.573137487,1.56733112,11.25707668,2.023269548,2.472447856,2.005992729,1.676428486,6.369906713,11.71585305,0.051673614,11.11284025,0.912331219,6.332173623,5.46125373,8.993429855,1.175886457,0.332295428,0.173010997,0.193841651,0.147266219,3.527330545,8.127412607,2.156376503,0.75048331,2.321638466,0.752362587,4.088580768,0.160250921,5.586091557,1.276949883,0.820287851,10.34827522,4.548720471,4.150250087,7.84536959,8.625020935,7.492433586,3.725745283,2.957134694,8.942325949,9.012954131,0.236690397,1.266512896,0.16206184,0.367836386,4.164256796,7.919587271,0.165221754,4.402311728,0.194639702,8.062694279,2.548636479,7.119420541,0.46378604,0.195241709,4.144442995,17.8243466,3.373417388,1.089630485,2.947852992,0.110069755,1.154798935,3.801311841,4.901562772,6.151258672,0.173422241,2.896346982,3.629545263,0.073748304,0.496751685,1.542543611,0.071074249,4.779185487,0.063532883,0.762553136,0.716810551,10.61487117,8.550221778,0.100616384,9.463423867,7.124508519,8.668393536,0.668850768,1.964071231,1.051131282,0.993946741,0.474760054,8.235419879,2.704027386,5.472335376,0.835969803,48.0450209,4.422556478,10.07626532,0.073246395,11.82310273,0.183352105,0.385118301,9.434171256,0.563089004,0.057058293,0.977963229,0.063144622,7.42757585,0.068881057,0.362699938,4.632066075,7.680155295,7.821847581,6.593624611,0.632703419,3.678055957,2.860972995,0.060488648,0.259042136,2.545907896,0.459568354,7.214266665,0.927490828,7.862414094,1.962173584,3.15817802,1.071581655,0.084262093,0.056525595,6.167974554,1.75627679,20.26630029,4.833894641,1.762408749,5.552080555,0.582085202,0.449471029,0.867859684,0.757432719,6.7874237,0.219936727,1.197744563,770.948593663
1999-01-01,0.040156965,1.109859657,0.955359308,7.923191648,28.88710798,3.688518274,1.006791798,4.419208828,17.6323576,7.888819322,3.272055369,0.036699403,11.29525399,0.201077354,0.078881856,0.160636276,5.397884497,24.27184466,7.889465863,2.81031471,5.480346649,1.715631917,0.995510996,1.746531545,4.806714611,13.58004255,0.346089021,2.397128414,0.067453265,16.25852275,6.23321054,3.58970615,2.517419885,0.426007728,0.316954107,0.045514319,1.303303809,1.420532198,0.189088461,0.451890329,1.294580674,2.526010465,7.418613918,10.88599028,10.15331952,0.557164348,1.575299307,10.6599291,2.132252896,2.531070515,1.73684381,1.726119823,6.890852536,10.9980694,0.049422619,10.93994472,0.930172566,6.197031415,5.028947724,8.908112348,1.08727237,0.349769877,0.177535105,0.203583381,0.161409119,5.552069994,8.121394969,2.147829228,0.724953006,2.321002673,0.742519313,4.104066904,0.165883927,5.65663788,1.339691637,0.868284688,10.6450807,4.990056076,3.188746842,7.642917143,8.649795918,7.607835904,3.790818243,2.907534828,9.202485963,8.215898128,0.240845592,0.989587637,0.16068698,0.361580831,4.12635826,8.620949108,0.168088447,4.546713479,0.148164172,8.19193464,2.516323844,7.01968564,0.509020568,0.193094925,3.475928697,18.39828097,3.158358858,1.131591273,2.508759325,0.109275143,1.572085609,3.643438938,4.506375853,6.218103195,0.188605397,1.996696375,3.623389675,0.07132843,0.507498485,1.871915063,0.072782048,5.050462037,0.059469775,0.729665939,0.709270872,10.21054272,8.89752893,0.132709649,8.613264427,7.460040155,9.747669296,0.712499673,1.686189102,1.114720115,0.937820251,0.454850331,7.992184018,2.928979076,6.088378078,0.818580669,50.83385044,3.78203314,10.35031973,0.070655004,11.86063692,0.199425295,0.413848586,9.548533706,0.572720572,0.044819193,0.959821956,0.058454954,5.306083854,0.070779948,0.357234717,4.619880528,7.535183339,7.518740119,6.464305092,0.684032371,3.855241885,2.739479325,0.06084287,0.357706536,2.629113359,0.415055467,8.439067981,1.128494486,7.832730846,2.045022321,3.092921327,1.070205479,0.077106098,0.056203258,6.154728832,2.049573686,20.10113245,4.791529987,1.763128346,5.284788205,0.587201728,0.496527069,0.864025437,0.830912449,6.279185804,0.173560366,1.338101327,767.51512536
2000-01-01,0.036573704,0.988077383,1.026213109,7.952286282,27.03515911,3.587392038,1.159761363,4.341705369,17.7230721,7.929785513,3.440349875,0.040759564,11.43958054,0.206817822,0.080978977,0.169593942,5.3144536,23.8937121,7.48209163,3.721499604,5.304816521,1.819578666,0.975259762,1.794549984,4.567034116,14.16711189,0.355321532,2.452333155,0.065926441,16.75762643,6.084142395,3.286328366,2.650412428,0.394417144,0.335826918,0.034602936,1.390922869,1.472118383,0.184380059,0.513805006,1.249252657,2.547988693,7.55866713,12.01065269,10.09931602,0.515624107,1.866475233,9.850895645,2.20390761,2.578744484,1.738804994,1.665079192,7.230107062,10.68014331,0.053756289,10.64485611,0.998753408,6.125507901,4.949693046,9.014558285,1.169940333,0.297735601,0.180809115,0.182134433,0.12486421,3.662278531,8.741595261,2.042066571,0.81278639,2.22306145,0.758991925,4.037327826,0.173680812,5.350127818,1.326863641,0.887641212,11.17688705,5.187936248,3.729318782,7.930157714,9.063444109,7.662168039,3.78950826,3.176186604,9.323415561,8.072629613,0.260288294,0.95337253,0.161247317,0.355429181,4.310051494,9.714493739,0.169055324,4.077783393,0.150959453,8.346564592,2.488244639,6.629701061,0.582076331,0.191853129,3.003255289,19.61952785,2.927076514,1.141917571,2.294971959,0.104650238,1.646408682,3.83397972,4.323043897,5.46032039,0.202056101,2.512604347,3.754040286,0.080736566,0.482849894,2.047396815,0.063684264,5.361673228,0.059126893,0.795035466,0.743690956,10.178636,7.635326646,0.13449675,8.708272859,7.634082484,11.07156038,0.691074356,1.742382768,1.082012872,0.92445667,0.483960059,7.73080499,3.132267246,5.99228486,0.661256139,48.37400227,3.966498018,10.66769032,0.068064184,12.08197508,0.208615803,0.414381656,10.45709574,0.581585548,0.071980578,0.956193433,0.055228381,5.852577835,0.074200777,0.351459259,3.142624176,7.064757493,7.310481793,6.005336499,0.68627217,3.574465987,2.705527631,0.034707038,0.257899125,2.612916672,0.353906622,8.527216235,1.020803985,8.049502864,2.13218584,3.421874278,1.064735945,0.088061865,0.054967918,6.04719734,1.644710088,20.46980666,5.02263655,1.484409066,5.436407038,0.640842656,0.486581173,0.859825513,0.863343024,6.330319712,0.173772089,1.153054813,766.3974608230002
2001-01-01,0.03378536,0.941828905,1.055495882,7.721549062,29.43026994,3.360371185,1.180062452,4.532974149,17.80456395,8.444109161,3.254758852,0.030648776,11.50432068,0.245876343,0.08120832,0.198172464,5.767159578,23.49652355,7.335981336,3.663945867,5.225335545,2.077877272,0.938201757,1.802410371,4.807445302,13.85143381,0.381019907,2.310897524,0.0671679,16.33156895,6.244939386,3.121271618,2.774761175,0.385094025,0.323939303,0.032418904,1.317617226,1.464131171,0.197879096,0.550836468,1.343554927,2.460438619,7.279172403,12.01181802,10.29363415,0.518404025,2.152976131,10.12356724,2.207336335,2.50067461,1.877711066,1.806061187,7.216328687,11.07977365,0.064554538,11.77523242,1.277762147,6.1399245,4.952273753,9.222987414,0.876849261,0.314320105,0.186525449,0.227929445,0.122238928,5.382625518,8.894202354,2.227775518,0.826344294,2.200733757,0.859015935,4.465488057,0.185856117,5.524375965,1.408681788,0.887013876,11.5926495,5.32843848,4.029629987,7.579798434,8.999844696,7.662604587,3.768638497,3.114621124,9.204791229,7.903981166,0.231669148,0.802814908,0.173311469,0.349471134,4.708309044,9.954155954,0.184857098,4.23202311,0.152339529,8.166078752,2.655135791,6.260620696,0.573718096,0.196488939,3.212499186,20.65568201,3.149107682,1.245265322,2.406374218,0.102700134,1.676510344,3.777038684,4.383546564,6.335426484,0.176812683,2.749473566,3.707233528,0.077379485,0.518057064,2.148313908,0.05948215,5.460347212,0.057014658,0.813037008,0.763793914,10.41493988,7.692050359,0.142111305,7.828554653,8.14843448,12.21372582,0.683936764,2.013178877,0.990324781,0.884617322,0.567399438,7.676987465,3.215754891,5.923154167,0.665015855,46.58438114,4.302825279,10.73577044,0.068034236,11.98388163,0.223445097,0.444395643,10.15705126,0.589693572,0.092552296,0.990382826,0.055514923,5.997254857,0.082198694,0.345399282,3.189431232,7.172514212,7.720650984,5.901555313,0.601810562,3.940789636,2.667811008,0.039179313,0.233083151,2.725247206,0.340270095,8.571265184,0.913872586,9.137899714,2.202387911,3.080901847,1.05507491,0.091025817,0.053302775,6.176226409,1.488510951,20.17153061,5.035159998,1.853688376,5.509916612,0.702480107,0.475664477,0.912231889,0.89684502,7.03381727,0.172088112,1.165725392,779.430027794
2002-01-01,0.045573659,0.895577672,1.232378783,7.566239884,28.50146173,3.117424829,1.028353516,4.980969957,17.9819247,8.583317475,3.203641763,0.03132403,10.72798848,0.298818443,0.078092606,0.207053129,5.56323884,23.42410876,7.800895463,3.872969895,5.254649833,1.981805428,0.949350243,1.769880772,5.010551434,13.32268255,0.389594569,2.36413982,0.065752635,16.72030149,5.980985175,3.131771583,2.975679521,0.396946561,0.3136156,0.033084915,0.833742146,1.388856179,0.19315867,0.632118389,1.346038764,2.358999348,7.339032677,11.6241027,10.10298472,0.535513237,1.71821302,10.01500952,2.393130244,2.586712195,1.838936694,1.810728443,7.548593756,10.83843826,0.065153465,12.1985969,1.079414216,6.003048171,4.62621577,8.940301425,0.743996199,0.366979247,0.189842229,0.213635204,0.119573939,7.032327616,8.860741473,2.315797548,0.861904487,2.175112689,0.878880862,4.713895971,0.209043763,5.473190665,1.40616085,0.901339542,11.17258201,5.49708091,3.656356845,7.790681127,9.296803932,7.77212967,3.806386039,3.172535294,9.467613289,8.820274326,0.219840481,0.995852243,0.174873333,0.458148155,5.092100695,9.717757697,0.202066285,4.026584099,0.148773753,8.24248791,2.6977515,6.49254829,0.597508967,0.201987158,3.258722606,22.0093006,3.181579866,1.272120189,2.466926631,0.06680536,2.107517395,3.79604559,4.143242276,5.859044353,0.173996307,2.902457711,3.92917514,0.083670206,0.557935865,2.16665648,0.058051867,5.633584028,0.057424174,0.717284684,0.777878504,10.36786976,7.573555473,0.1128384,7.919223739,7.987843717,12.83588708,0.684254166,1.717899288,1.023210818,0.879613728,0.591937078,7.515492328,3.050628348,6.295808218,0.683302363,50.71215469,4.313753256,10.77267705,0.066452587,12.48548405,0.268596325,0.445365248,9.887570712,0.597105395,0.100689319,0.996286745,0.059991569,6.480338727,0.100176058,0.40691759,2.322552827,7.08027204,7.781282035,6.052689599,0.60840741,4.180452134,2.591218285,0.044349704,0.257839084,2.875645602,0.331421531,8.982611315,1.00986641,9.927889936,2.199313652,3.194548471,1.042426746,0.101033569,0.0592039,6.305486056,1.361977618,19.445549,5.139710761,2.127758029,5.607478795,0.815606604,0.412526354,0.963664202,0.872385373,7.1790564,0.174995603,1.04481292,788.2487065660002
2003-01-01,0.051518377,0.924869437,1.338984981,7.24241557,27.96926982,3.351723713,1.159732241,5.169522468,17.72168373,9.168343908,3.469717358,0.023157659,11.13131453,0.324444105,0.082183395,0.212401957,6.164371004,23.03816133,7.600847317,3.952496648,5.379335611,1.892898995,1.019557988,1.709539024,5.030419439,15.62433655,0.414118231,2.260164586,0.059260253,17.20830161,6.109823415,3.167262617,3.427437253,0.301711176,0.310103009,0.038891149,0.948071795,1.352573854,0.24004952,0.689003728,1.392873768,2.282445178,7.880736103,12.04336087,10.13870882,0.539730051,1.997089963,10.98769807,2.116308325,2.733373662,1.844472234,1.826542965,7.553396348,12.35846893,0.069557428,13.75595751,1.28664166,6.052063904,4.878987517,9.104141448,0.799648581,0.344091272,0.194216978,0.206907262,0.148056138,7.29608142,9.17087841,2.403776814,0.848950174,2.174082262,0.947043924,5.021612128,0.203368312,5.74457771,1.515549968,0.910255466,11.0320952,5.721566758,3.169490116,7.702377441,9.406998865,8.064459636,3.908559691,3.18547751,9.51275428,9.802120407,0.188299589,1.108401275,0.185125113,0.450247626,5.027432385,9.723895501,0.20621736,3.967297222,0.155993308,8.703781959,2.803214278,6.7306568,0.645546016,0.20313572,3.288228155,22.67342686,3.317373005,1.250718366,2.677168603,0.089703541,1.751018304,3.925940997,4.509631983,6.548213153,0.217865792,3.08688854,3.771116497,0.09828723,0.517998712,2.266415026,0.062499047,5.850077034,0.060088632,0.765727934,0.861659269,10.49965052,8.14264597,0.120410447,7.007007037,8.293603875,13.28492122,0.690167072,1.723248273,0.992246987,0.88655329,0.655592497,7.793047036,3.089739908,5.78650313,0.699451793,50.95403383,4.548925394,11.13042089,0.064273662,12.68355031,0.269173818,0.425936778,9.273782135,0.60400525,0.105747392,1.086072535,0.059090743,6.971374525,0.108136711,0.465410061,2.520812109,7.133321044,7.721473688,6.161932315,0.615958603,4.107222715,2.548346582,0.048005565,0.343299082,2.973360002,0.333254361,9.955426851,1.204928129,12.03679739,2.161829096,3.316114188,1.028383358,0.10347358,0.060429831,6.906706612,1.350919896,19.50649945,4.768134876,2.123299091,5.313556754,0.861465129,0.45235225,0.957849019,0.984988137,7.557705904,0.184778179,0.849592242,809.8538007770003
2004-01-01,0.041655394,0.930262948,1.404058688,7.344262326,27.03893822,3.672973996,1.25303469,4.978406237,18.17472687,9.2756141,3.408174257,0.02103289,10.94122423,0.341935364,0.081347129,0.222868797,6.125548534,21.60641891,7.055658167,4.136343582,5.759420354,1.591227985,1.046416775,1.785371856,4.940370507,14.18897462,0.453969796,2.248612758,0.058082525,16.79426996,6.127509688,3.432413196,3.954107458,0.304387853,0.296651275,0.036556273,1.002715302,1.333540814,0.25115953,0.722703201,1.405865264,2.25414834,7.699844825,12.10540157,9.950402591,0.518403997,2.273146979,9.941672844,1.925467548,2.737354064,1.925511132,1.948172596,7.817921309,12.49128506,0.071794656,12.94525129,1.797364878,6.024888047,4.498488798,9.053158584,0.858087124,0.31402298,0.198303128,0.213828841,0.152265871,8.647755711,9.113529104,2.20420528,0.847650879,2.239395333,1.038040468,4.901733118,0.184589899,5.575263133,1.528266442,0.961090201,10.97963685,6.057320614,3.348428329,7.94319225,9.275958268,8.18925745,3.878874772,3.329605285,9.469634517,10.52622175,0.208781937,1.089192302,0.182145538,0.552498406,5.181011477,10.10575182,0.2136979,3.9130059,0.178591134,8.486622726,2.780850372,6.677505637,0.663841663,0.214361955,3.526720564,25.45323535,3.367030096,1.36110692,2.687255676,0.092681049,2.409522433,3.962113262,4.349229415,6.479459874,0.209000441,3.325980246,3.829523873,0.095929046,0.557966222,2.268626679,0.062592276,6.282887624,0.060186287,0.729601662,0.844372659,10.57132609,8.13169251,0.110545761,7.066424419,8.034250802,12.78253668,0.757349952,1.71593431,1.130891406,0.887020622,0.779006515,7.905511788,3.13153895,5.92625189,0.69277746,49.20805129,4.444859154,11.11272164,0.064512294,12.96390807,0.292246796,0.498608417,9.508805829,0.676045531,0.097534129,1.108934347,0.057254256,7.550423832,0.131700176,0.455326015,2.815589017,6.967246738,7.861745352,5.958727462,0.613863369,4.607456747,2.600429127,0.046226095,0.325544047,3.233926034,0.390250273,10.49667069,1.297223893,12.47950794,2.243002992,3.351692121,1.013068562,0.1359024,0.060772595,6.472697367,1.643842557,19.5976305,4.826720808,2.303722816,5.37031892,1.02392387,0.342930489,1.063847644,1.004600958,8.035040258,0.182673836,0.812818036,815.121133889
2005-01-01,0.060418781,0.813539291,1.338209399,7.353780012,25.38238104,3.753639235,1.496010763,5.033021488,18.14629201,9.26611356,3.579663711,0.020366995,10.55578237,0.363307326,0.078975196,0.235263641,6.265854174,23.26923202,6.495345193,4.310376759,5.875465459,1.656107509,1.088569382,1.782061764,5.138969156,13.66703853,0.493260813,2.378997792,0.05447729,17.02748527,6.165024808,3.458629046,4.46770003,0.320357185,0.283081514,0.040338851,1.189695728,1.351537304,0.245248324,0.950254188,1.463071784,2.337148577,7.687389951,11.750804,9.729424378,0.548995985,2.266931091,9.262963492,2.054464358,2.841351373,2.041105738,2.147938562,8.029202013,12.71797866,0.066145963,10.57167065,1.570095596,6.025069386,4.357987805,8.955450044,1.086491596,0.322718935,0.200887312,0.213765883,0.156141834,11.10033354,9.278882623,2.388732825,0.890464915,1.983499455,0.934443841,4.976630894,0.184877283,5.543733303,1.512001407,0.99029291,11.21417451,6.461795522,3.162065041,7.717349417,8.803624525,8.173783064,3.854014752,3.44627904,9.49198928,11.17116807,0.227167866,1.026614534,0.200401487,0.758240452,4.695637301,9.982450603,0.219066618,3.67756536,0.208196483,9.13838937,2.692646612,6.624805697,0.715272864,0.215418454,3.861517472,25.60420297,3.443810739,1.430937324,2.832301219,0.093255492,2.252787914,4.077064206,4.531495635,6.512577233,0.218999293,3.255944948,4.377720656,0.083439354,0.499305929,2.409925014,0.06019349,6.51677658,0.055781969,0.710906213,0.797986014,10.28991121,7.862364379,0.123909964,7.108042272,8.280316298,12.34841248,0.758995364,2.137995571,1.122868144,0.888142335,0.759056846,7.895886085,3.245877438,6.233261377,0.635291843,44.53380584,4.442373285,11.23183738,0.062215648,13.23848219,0.339262193,0.511265752,8.650271986,0.723530496,0.07970768,1.13018176,0.055519094,6.81246772,0.120754825,0.508026812,3.383647687,7.169436843,7.958113965,5.560617833,0.640419209,4.586159396,3.116357851,0.047540614,0.311851627,3.328992526,0.363806796,10.64010576,1.288302169,13.56732808,2.272732152,3.460795614,1.000300068,0.147202921,0.072964779,6.27128609,1.631646008,19.46926248,4.554973915,2.301665485,5.575723505,1.101837882,0.334476927,1.168471269,1.049861435,7.887328758,0.193147169,0.870271087,814.6026696219999
2006-01-01,0.066583291,0.821840076,1.339995739,6.790542773,22.93510429,3.94249129,1.51776299,5.319470442,18.14145349,8.961569195,3.593590676,0.023659773,10.30057207,0.422300744,0.089665522,0.254752395,6.439923574,23.46563028,6.34379729,4.756438946,6.15517613,1.750544009,1.195259486,1.783625001,5.297774677,20.30994264,0.486763075,2.22777692,0.055851339,16.5953499,6.077017721,3.494449666,4.910276132,0.303920338,0.279306978,0.040298316,1.276319812,1.335388783,0.271380387,1.065709517,1.509635072,2.37806834,7.651782674,11.77860313,9.886441614,0.54118412,2.403914163,10.69102319,2.209643748,2.966914681,2.143053343,2.22117664,7.698212561,11.86507343,0.068799271,12.72627915,1.66693039,5.840018106,3.803812803,8.908600278,1.211231833,0.380266256,0.204138179,0.226209665,0.159700111,11.94400452,9.137630592,2.477653381,0.871846874,1.782041634,1.043973254,5.012573327,0.184059902,5.506698601,1.589363176,1.042663453,11.05861518,6.862471364,3.022428749,7.669973612,9.120036553,8.025766415,4.378426925,3.366409389,9.303737228,12.1047148,0.247018262,1.019469602,0.219621964,0.74198917,4.859189237,10.07157738,0.280530097,3.409835694,0.207256313,8.989490546,2.902441614,6.576125923,0.629570172,0.216087681,3.981762324,24.79704354,3.696429298,1.460816566,2.770741944,0.086863187,2.656577793,4.167900165,4.519102898,6.538237823,0.20222694,3.544571467,4.853735335,0.088234843,0.555929037,2.674238776,0.060121661,6.64454285,0.053026134,0.622779937,0.82520869,10.01462043,7.981673212,0.100511426,5.08802287,8.189552277,15.1854899,0.80769342,2.208349617,1.097428645,0.790431773,0.719133232,8.234912499,3.28166461,5.74494832,0.667995676,42.79830768,4.683454099,11.56836194,0.060818225,13.69237149,0.407430716,0.4893575,8.445106954,0.706734354,0.101213876,1.190907939,0.053883794,7.152331486,0.126463707,0.494816783,3.027952098,7.048132949,8.117126246,5.385163218,0.627355577,4.609928909,3.159094769,0.048770588,0.27243319,3.341004691,0.388582894,10.79392259,1.474723302,15.40053638,2.34285906,3.797151008,0.988337594,0.152976088,0.083999867,6.497208272,1.903528662,18.94591375,4.808169683,2.301983389,5.494560701,1.121162316,0.326524521,1.105742135,1.059569463,7.832423319,0.179077245,0.808687685,827.783962822
2007-01-01,0.065312346,0.811753508,1.39393137,6.53104692,21.37028576,4.102629636,1.773161431,5.474300638,18.52109701,8.587801761,3.219791775,0.02289428,9.843115874,0.473104595,0.098933279,0.266296791,6.971191811,22.20240095,6.28358498,5.02020957,6.029733806,1.772391396,1.26380481,1.854305856,5.310350587,19.04167531,0.481294913,2.303437439,0.057170025,17.38057011,5.766034471,3.906183578,5.306366015,0.29523374,0.327277496,0.042255675,1.070657483,1.353071942,0.17143997,0.968284491,1.725458621,2.460200201,7.812294746,12.00330783,9.527586652,0.583520389,2.542480715,9.779475634,2.209049927,3.007289846,2.14317376,2.34430544,7.842252141,14.90288476,0.073877268,12.30921631,1.50684357,5.667781492,3.354690664,8.650989769,1.458489553,0.397144284,0.208023423,0.250023476,0.162942027,10.39326453,9.441123453,2.662027145,0.920826905,2.156797884,1.093677158,5.308317229,0.215895462,5.355128938,1.635120972,1.129757683,10.5388979,7.207252776,2.746205329,7.638831305,9.275636617,7.860767964,4.342126485,3.371546348,9.570784184,12.81242182,0.242081741,1.228076796,0.267544785,0.621561971,5.233519647,10.34618659,0.291003292,3.154794472,0.184868989,8.266404753,2.863210072,5.679075531,0.684909284,0.221447602,4.088145504,23.14617017,3.876699912,1.487308731,2.832852436,0.08850687,2.595682231,4.187211587,4.746620875,6.687581821,0.20938514,3.409782674,5.019625678,0.102891487,0.621387214,2.742753963,0.062210458,7.108435391,0.055837755,0.554325672,0.840777159,10.04474769,8.016303569,0.101961197,4.062563387,7.876793517,15.90418587,0.871590759,2.165811399,1.193306099,0.818965455,0.74171961,8.220760788,2.713291792,5.577179172,0.620162281,40.89652419,4.632001472,11.61127902,0.062542059,14.08083313,0.431388535,0.530500422,8.34459514,0.690870158,0.083477457,1.24962947,0.055956063,6.971408026,0.140707119,0.481066996,2.758318417,6.919556134,8.066906107,5.152987026,0.633001864,4.704056142,3.199475612,0.046219132,0.253362971,3.39351756,0.462997899,12.00786333,1.267340585,15.66739272,2.401809887,4.152950584,0.97856931,0.145275175,0.097333218,6.711338281,1.755832412,19.04291352,4.562304668,2.488112451,5.225781139,1.230865213,0.501221154,1.098629476,1.093385887,8.083507514,0.158362527,0.796349864,824.3326318569999
2008-01-01,0.128416559,0.888658009,1.384311249,6.439303857,22.01146924,4.172388531,1.956930356,5.621003692,18.30374802,8.49967402,3.474678865,0.022150837,9.984152183,0.46223287,0.115727153,0.288141386,6.678624427,22.21335064,6.401303677,5.529716828,6.352864617,1.62960935,1.348563251,1.945681928,6.358369012,20.847719,0.446687163,2.291667032,0.039781269,16.55692294,5.878910791,4.069245883,5.435075622,0.330008281,0.331901941,0.042210719,1.086878789,1.350808645,0.167369873,0.998240579,1.684918829,2.380533907,7.849714277,11.39282817,9.617453045,0.575725689,2.541332041,9.125129139,2.175917533,3.102451083,2.1801436,2.38509982,7.056387715,13.76122746,0.078271761,10.6636072,1.147445607,5.561011371,3.470443269,8.337891639,1.25764955,0.367512374,0.206391015,0.254545114,0.152045425,11.36100912,9.064040878,2.749935914,0.818091212,2.142431558,1.076312315,5.042108344,0.210437489,5.280833386,1.597402667,1.18632121,10.19702642,7.25243453,3.105080315,6.868002252,9.127353202,7.564248487,3.458106721,3.051945799,9.044142107,15.34074602,0.24904513,1.411999216,0.292426404,0.607533401,5.189090456,10.49685145,0.339031816,3.914165316,0.149673095,8.792257212,2.882166504,6.202599419,0.641013344,0.23148964,4.083507545,22.55192972,3.724758973,1.542007758,2.841737072,0.089015683,2.533134579,4.146991471,4.631398117,6.644209959,0.158222646,4.360024664,4.928000758,0.100553963,0.576414856,2.789117802,0.069930583,7.450065403,0.056390068,0.578493505,0.794009849,10.04646055,7.73245798,0.112125361,4.048582905,8.021502927,15.01659837,0.828201836,2.076102578,1.340577361,0.826714801,0.68231992,8.087182909,2.995868919,5.38350514,0.710374922,36.91870848,4.646050196,11.59564597,0.05879554,15.05376806,0.452196556,0.536456559,7.939006886,0.635720317,0.084778933,1.126918203,0.054399384,6.779387321,0.141926252,0.525940578,2.823318362,6.896893753,8.588464451,5.005620235,0.600029711,4.830028829,3.15911159,0.048285038,0.258078651,3.420662101,0.421641055,12.01029603,1.257447915,15.23071679,2.424521757,4.078325237,0.969461927,0.145267073,0.097595491,6.511279813,2.320205759,18.27849449,4.720395157,2.306251787,5.467902249,1.363466232,0.445037835,0.927593178,1.106332654,8.572609815,0.170447505,0.613915535,820.525416759
2009-01-01,0.171862421,0.939403983,1.441493562,6.156687476,19.83234887,3.867569967,1.561583601,16.02434762,18.22309955,7.721143982,2.850039951,0.021434541,9.231701273,0.494146663,0.114258558,0.306664813,5.764030949,20.8594387,17.64874164,5.511323147,6.03919199,4.640002664,1.416317393,1.805179788,16.43502256,20.50002315,0.471747475,2.144873704,0.039191973,15.50214503,5.639327378,3.875949531,5.798318754,0.300610999,0.355231325,0.040032941,1.167559259,1.385696614,0.20794622,1.047944468,1.592659919,2.40319712,7.540372167,10.64445418,8.97178632,0.567756274,7.05736224,8.678105357,2.052891491,3.174573294,2.335118311,2.436192983,6.200856827,11.27750545,0.076612691,10.14821304,1.136315747,5.312096451,3.314371184,7.490653988,1.473356725,0.414133624,0.21275591,0.281564377,0.154994881,10.76987412,8.529742762,7.656895482,0.846417112,2.179966238,0.990089255,4.717571565,0.203101721,4.773188743,1.638919951,1.285083612,8.943031474,7.436286869,3.251285214,6.624824238,8.780859698,6.71897022,2.818474209,2.997131378,8.598248928,13.27361979,0.286295484,1.255735372,0.337032292,0.594483183,14.40358831,10.68065582,0.413100752,4.550151946,0.143841627,9.19467249,7.954802812,5.878565446,0.610728505,0.266313577,3.695956383,20.97299341,3.436572194,1.526820983,2.667275485,0.082162021,2.575051504,3.986790881,4.325413431,6.085187757,0.149053636,2.830368724,5.101365454,0.108758711,0.692519115,2.741639064,0.069365009,6.559572504,0.068168346,0.498623213,0.764071157,9.708786357,7.751527071,0.144326283,4.022121579,7.244456858,15.15548722,0.826887879,2.430700533,1.429878097,0.825631075,0.704011101,7.791547049,2.266220325,5.327278898,0.741405323,32.67180019,3.962688135,10.83213407,0.060310114,15.26569182,0.458208051,0.540733711,7.785350075,0.640550355,0.082898446,1.084824479,0.052058039,6.402299491,0.141102992,0.51172128,2.771867737,6.295477884,7.604175103,4.611489154,0.66196231,5.154757132,2.862414613,0.068338263,0.451139356,3.294009621,0.327234384,10.46136004,1.347488384,14.41418595,2.402692699,4.035674599,0.960338018,0.137670596,0.106968566,5.463665486,2.28977372,16.80869862,4.196647824,8.218444273,5.443613924,1.51896401,0.564618384,0.975329619,1.180025411,8.007605605,0.188420224,0.618665464,841.34916808
2010-01-01,0.243614036,0.976184198,1.527623663,6.157197775,19.03976975,4.099689714,1.508351244,5.56628433,17.59006927,8.365014901,2.684902593,0.034579718,9.794792242,0.525042566,0.146745851,0.342739986,6.049544016,20.92896507,5.860211203,5.624105757,6.50264283,1.736622587,1.509663496,2.03322568,5.4939016,18.44923521,0.583513988,1.695933627,0.038752931,15.79214123,5.777702857,4.087904661,6.335417691,0.309259106,0.344620171,0.04104464,1.268210657,1.405488898,0.246485411,1.096126252,1.553293393,2.504045857,7.100376945,10.71659406,9.453399722,0.618904659,2.539610976,8.673891232,2.133032567,3.173654529,2.481494711,2.42033575,5.866642426,14.26988866,0.073824767,11.65875348,1.349125821,5.348198409,3.546479337,7.686282334,1.404919111,0.451580867,0.245286381,0.245371539,0.157624801,10.54427516,7.874949777,2.730002651,0.802261619,2.348451477,0.983472529,4.530399209,0.247253132,4.787989094,1.718201745,1.344896147,8.813296615,7.336652683,3.649723858,6.162727567,9.250222551,6.836836177,2.661482239,2.781778794,9.030061533,14.07314044,0.300732682,1.165586722,0.35913403,0.485767033,4.896859779,11.60791602,0.460861368,4.21153464,0.187595232,9.608454155,3.044367182,5.278364196,0.645058173,0.275609793,4.068083042,21.7574405,4.061872255,1.600327236,2.900589865,0.088409221,2.624887153,4.056954882,4.204371545,6.248371356,0.160669313,4.16513287,5.261219125,0.113889571,0.686852526,2.927063408,0.061212099,7.097979384,0.08321173,0.568190395,0.774374196,10.29828126,8.469598181,0.171767827,3.996403148,7.136782411,15.47953576,0.783727323,2.522860045,1.550244456,0.871903845,0.686682408,8.247028077,2.10274697,4.817886772,0.80665593,32.63430234,3.83367893,11.32541814,0.059764899,16.26936986,0.475321853,0.554497627,8.353799225,0.644108967,0.087286748,1.057588947,0.052308698,6.459632708,0.137773316,0.554409784,3.288441712,6.571542883,7.70288523,5.132155515,0.610419749,4.9014147,2.859678544,0.103747164,0.409550549,3.488055559,0.325477725,11.63309332,1.154056965,16.1578858,2.587622613,4.107871448,0.950479971,0.155818269,0.102688512,5.862560917,1.869452173,17.43173849,4.419796581,2.309255496,5.770054176,1.721200863,0.550343733,1.021813006,1.098257856,8.304084027,0.195502192,0.756040796,796.0273044030005
2011-01-01,0.29650624,0.985522312,1.66942319,5.850886105,18.50945738,4.280989353,1.71734338,6.050420408,17.29541584,8.135474381,2.973918764,0.040185722,8.740505152,0.491500279,0.15296686,0.364566595,6.755278124,20.35750059,7.147167506,6.484260583,6.18814293,2.028852144,1.626366425,2.117869375,6.219366934,18.61885184,0.851006097,1.925170469,0.042999665,15.9959443,5.205754138,4.437266283,6.901344429,0.291031488,0.325737695,0.045239954,1.224162351,1.51326854,0.212290796,1.142609706,1.603682692,2.455353561,6.783205135,10.4010178,9.299036295,0.562277492,2.538357502,7.73708669,2.130799267,3.294742583,2.433762684,2.434305307,5.87043563,13.68801133,0.083647726,10.22962444,1.285539092,5.128951791,3.431022623,7.043919991,1.735685448,0.462822311,0.251428453,0.243487777,0.153551253,10.12300595,7.61375705,2.903002289,0.808455576,2.433416853,1.038833066,4.445615774,0.267318268,4.704300453,1.939122786,1.405068333,8.008586809,7.396667663,3.679052199,5.924504836,8.990702786,6.680594198,2.664607715,2.709171986,9.493010565,14.82436446,0.301772158,1.38178651,0.368602225,0.477395338,5.663201351,11.98478721,0.478923877,4.071493797,0.211577212,6.714752633,3.361095454,4.958814489,0.755938089,0.284460517,3.913325743,21.02838372,3.835493313,1.706431503,2.916254254,0.100717581,2.654450911,4.134993377,4.624639348,6.173907034,0.17042352,4.09625219,5.677968414,0.138501288,0.68359045,2.906410475,0.062156976,7.07620238,0.082384979,0.583519875,0.808058902,9.511130441,7.995012096,0.192299009,3.972589046,6.909215537,16.49286886,0.772880261,2.695280284,1.654916644,0.86460139,0.690560024,8.159838047,1.503644026,4.723629222,0.824126215,33.4944129,4.172223886,11.88499702,0.066062179,16.40642066,0.450357737,0.580797008,8.636708162,0.646326454,0.112749227,1.091687798,0.050903722,7.081738796,0.130204423,0.541943743,3.643654431,6.320409762,7.647930119,4.717853416,0.615655011,4.688875887,2.699957327,0.088989667,0.382053257,3.459798792,0.332575202,12.649601,1.06220668,16.65943228,2.452086578,4.32606106,0.941087877,0.179316146,0.111719254,6.199174358,2.258880169,16.60421817,4.384207069,2.492729638,5.540040739,1.755008127,0.535733399,1.066843067,0.963978488,7.869815906,0.217496732,0.88488553,794.9985458589999
2012-01-01,0.259295334,0.950695879,1.50324046,5.944654173,19.20780112,4.264223782,1.983192027,7.74276315,17.02204223,7.723614487,3.239102868,0.04001734,8.577525877,0.456355652,0.177415687,0.384025166,6.16215311,20.90093256,9.763986436,6.091586588,6.344981391,1.982242705,1.678603032,2.279272333,7.472734688,18.29587739,0.912224067,1.67193666,0.045081487,15.73447396,5.317086349,4.506229076,7.046182675,0.373134534,0.320219438,0.041002162,1.166246226,1.512727212,0.221035685,1.04900428,1.589162765,2.548611094,6.255253007,10.09153928,9.451317705,0.575946626,3.523409533,6.835287325,2.183081632,3.609307651,2.396908547,2.487785551,5.756946794,12.7693736,0.091451262,9.126387978,1.19066194,5.154142128,3.200590683,7.343460282,1.928196034,0.561999712,0.23281943,0.241467286,0.155765084,9.522968776,7.251237354,3.81565719,0.821948809,2.647645978,1.06935877,4.079616457,0.236076333,4.377864468,1.938042616,1.508508252,8.072558903,7.40165311,4.045153699,5.799523611,9.615068271,6.327708948,2.448869311,2.98147233,9.822297325,14.56638251,0.273997499,1.794121918,0.383614744,0.564127142,6.816222682,11.9586009,0.50740729,4.238282748,0.229709292,9.168355709,4.245587419,5.189130073,0.824969419,0.307694142,3.992940664,20.13387346,3.721147063,1.747192709,2.846693444,0.122613506,2.869866616,4.147972825,4.390978645,6.475758827,0.232622809,3.754425023,6.067905096,0.14801305,0.736532985,2.970024269,0.061704298,7.080248362,0.106208361,0.570117077,0.783949275,9.398409929,7.66951117,0.222311476,3.946329825,7.284317645,17.30973775,0.767887129,2.774068569,1.630811042,0.886510244,0.640806964,7.969647665,1.551572969,4.585897919,0.806663826,34.18822184,4.080658872,11.70209407,0.071092285,16.89149679,0.436539089,0.555887582,8.22409727,0.629421677,0.128117541,1.085297312,0.04954588,6.360537735,0.140404329,0.636962946,4.508108234,5.982344127,7.349942268,4.426761612,0.630046751,4.86959681,2.301008788,0.145485857,0.330685538,3.695384563,0.38349995,13.1000823,1.070705492,16.00221329,2.562000447,4.40556459,0.930752027,0.209763309,0.109379114,6.077860784,2.521474843,15.78978264,3.799895864,3.319961399,6.169104327,1.731811457,0.480952275,1.057703002,0.858490955,8.077957969,0.27860069,0.915734944,804.1955301229999
2013-01-01,0.18562366,1.036293852,1.533630039,5.942800412,20.05564757,4.342115069,1.89812717,5.136050692,16.44231571,7.753699576,3.285616903,0.040879208,8.655477512,0.467785082,0.183332656,0.396697028,5.458963808,21.93867997,7.653297299,6.167789961,6.352712195,1.330606578,1.777588045,2.421656961,5.065179206,17.82826519,0.94334976,2.627813846,0.02697875,15.83846027,5.381151799,4.723555077,7.324147115,0.393435075,0.341980233,0.055494204,1.152991586,1.653063497,0.256233552,0.996599817,1.640619591,2.558779773,5.621287658,9.620257259,9.62420735,0.633989062,2.393725648,7.116737849,2.118782053,3.644979345,2.52745943,2.419103472,5.208274629,14.65860673,0.105676114,9.22784648,1.305449843,5.12979914,3.186448492,7.075818333,2.108848922,0.587425248,0.200131818,0.224065899,0.151675192,8.528333301,6.609996229,2.958251607,0.864132971,2.607730233,1.064951336,3.997002654,0.254791238,4.120050589,1.778914016,1.539947839,7.723057986,7.631864943,4.195185035,6.269999047,8.313170792,5.751905744,2.588580197,2.79375767,9.908431318,15.26278838,0.309754058,1.639974843,0.381996121,0.556137428,4.570020747,11.89000868,0.635958995,3.930312343,0.216555329,9.273220725,2.873158449,5.143475842,0.703424802,0.30071067,3.830693465,18.68006408,3.701592882,1.708106064,2.51163813,0.127606246,2.719012867,4.003630132,3.943737473,5.563811012,0.262282625,3.654176435,6.377995554,0.164314407,0.678454997,3.034990528,0.061871473,7.589690457,0.106461818,0.629519877,0.737324175,9.348128895,7.776167641,0.226252797,4.898119195,7.179036805,16.73659016,0.763669285,2.672439484,1.670921723,0.965899617,0.672796447,7.841704806,1.108325444,4.452394369,0.814097994,32.5989398,3.607441144,11.37700677,0.074919961,16.74461002,0.410546299,0.581174786,8.132743535,0.682618921,0.151515698,1.030948242,0.049756151,6.486480319,0.14002857,0.624752688,4.184215025,6.081213422,7.063268041,4.222750051,0.690072071,4.669312465,1.568049344,0.165652672,0.251627635,3.825693042,0.397033077,13.08518099,1.179152556,16.4067872,2.542694244,4.190557931,0.921743919,0.222964152,0.103377218,5.941351514,2.171452753,16.11118443,3.698682699,2.117395826,6.058551223,1.810416624,0.428620968,1.048701723,1.106687715,8.138264312,0.284057568,0.919824123,782.8571722160002
2014-01-01,0.146235617,1.099779111,1.668337371,5.807127723,20.05169797,4.209095633,1.881607737,5.185713244,15.83042152,7.260404228,3.38119922,0.038601013,8.041711215,0.50452817,0.180825362,0.413092687,5.820924714,22.66343283,6.799325412,5.597187383,6.29728587,1.358364951,1.90631555,2.523232137,4.458878192,17.27764771,0.973502632,3.346708888,0.029120747,15.84990541,4.859165525,4.311060938,7.294235506,0.406222759,0.363726897,0.069678432,1.095638253,1.686264961,0.223863893,0.964736936,1.63281817,2.3605037,5.909934629,9.264302843,9.088506897,0.445083888,2.531966172,6.347153074,2.110144291,3.795632251,2.620388632,2.423232509,5.184067004,13.64730803,0.125797367,8.451871908,1.488838858,4.616052854,3.163816156,6.43320778,2.277240519,0.554280565,0.200879386,0.25691229,0.159533648,7.048195802,6.385178661,2.295684114,0.911388463,2.698556721,1.056324782,3.831644469,0.286282868,4.11798843,1.896733638,1.657231271,7.628162753,7.81441898,3.895158431,6.261721492,7.877600353,5.38747546,2.500750419,2.864728014,9.562839774,12.10241477,0.324410689,1.663953395,0.455006519,0.548511237,4.529699153,11.58874374,0.653637811,4.016900629,0.2798481,9.116574105,2.860235383,4.298879508,0.847049783,0.298515066,3.703492659,17.34616222,3.651352159,1.716465376,2.698682174,0.127596996,3.149294983,3.840633659,3.724356864,5.430805313,0.325932191,3.570222461,6.163032906,0.184887949,0.737745687,3.132598572,0.052180694,7.923564998,0.11174531,0.650945533,0.774899292,8.881703067,7.613049325,0.264996837,4.859558824,7.078489829,16.48517399,0.789739106,2.758047289,1.76701033,1.013001909,0.741185071,7.516889481,1.246318841,4.415895252,0.853091846,33.20589511,3.593353578,11.20820257,0.077591916,17.48316332,0.42446012,0.604596606,8.117411688,0.579138418,0.163884125,1.046841993,0.048422285,5.463794101,0.144956615,0.613098843,4.735413094,5.617636524,6.357966448,4.030482516,0.684917746,5.14453966,1.422180088,0.165403428,0.222751569,3.752260164,0.554961272,13.06179464,1.088860947,16.17808289,2.707174624,4.410763561,0.911327784,0.214369082,0.111347325,5.25113054,1.911517895,16.04092103,3.409552819,2.480067703,5.966120779,1.97211212,0.606317818,1.092498145,1.062211282,8.212241156,0.304549552,0.889104126,765.1748611589999
2015-01-01,0.172896741,1.13504405,1.60377515,6.026181822,21.07764197,4.301913876,1.825292244,5.236665308,15.863288,7.317158873,3.292452869,0.039369948,8.437851999,0.520992816,0.204300066,0.461997426,6.207865317,22.29101801,5.905932758,5.721181036,5.79426692,1.884042732,1.909890716,2.373628508,4.451033309,15.42488346,1.057859388,3.277194971,0.042286394,15.64858561,4.719648777,4.576124117,7.146449357,0.422368807,0.363115439,0.042363694,1.165546016,1.688318124,0.244393419,0.952852841,1.55534308,2.579300156,5.900152116,9.400668002,9.087290909,0.503283386,2.528977972,5.929462754,2.294373257,3.933495912,2.56106243,2.44779056,5.51794436,11.81383402,0.127832027,7.814537356,1.588704993,4.677807228,3.142183759,6.159448333,2.469615623,0.566623028,0.222181476,0.254091824,0.16117826,5.622232353,6.28506954,2.463436318,1.049628082,2.710334223,1.089663658,3.948992432,0.30666988,4.407180501,1.890795841,1.647151914,7.881824817,7.633623871,3.743646439,6.227045154,7.892507176,5.563259469,2.452418296,2.731322514,9.276629423,10.87226272,0.359452718,1.724051177,0.543119905,0.540896253,4.687133713,11.91474367,1.317280722,4.134596535,0.281738701,7.997426401,2.791253329,4.270652514,0.970910854,0.315685529,3.810789214,16.02867977,3.701593036,1.742749914,2.829393394,0.135346585,3.011558239,3.870316544,3.579319286,3.729892769,0.361422537,3.793242395,5.769680109,0.204126905,0.879815244,3.136372847,0.055537956,7.814088295,0.105491223,0.594907347,0.846826583,9.292250246,7.610906295,0.266148113,5.783689865,7.003080396,16.43412074,0.823008136,2.69623958,1.790242082,1.087126793,0.802933312,7.610089275,0.996671213,4.812669696,0.952345908,33.04351032,3.700112058,11.05201007,0.086198815,17.81940147,0.480940393,0.637241954,8.207765834,0.513982824,0.126883934,1.106698196,0.047110993,6.397117589,0.18384314,0.601687721,4.864648366,5.669455793,6.367726166,3.999311639,0.697439745,5.459274778,1.404090869,0.169371768,0.249892061,3.841982798,0.579605995,13.18890729,1.190712416,15.56557092,2.726308867,4.477175913,0.90098205,0.227066833,0.123477949,4.231515591,1.946065231,15.56003496,3.168481901,2.290740826,5.422875575,2.380847445,0.516361278,1.240245954,0.511361652,7.669937662,0.312354964,0.899769991,757.4302647400002
2016-01-01,0.149789334,1.031811348,1.557664358,6.080600282,21.48066861,4.201845776,1.72675284,5.289885738,15.91465712,7.288819983,3.304019557,0.0419527,8.314931808,0.619937007,0.198430258,0.470827565,5.834881981,21.25133118,5.397924873,6.597243083,5.822979457,1.764391261,1.995137361,2.168574696,4.513677359,16.60349981,1.262376046,3.069551079,0.046279124,15.42060171,4.737656377,4.749830077,7.115385005,0.402556792,0.379494758,0.030714898,1.104196831,1.716241161,0.276521906,1.035508551,1.64920306,2.396977609,6.169943308,9.627750042,9.073006686,0.452042086,2.524296453,6.166190299,2.364937465,3.820090337,2.414027127,2.448249515,5.314294581,12.15239497,0.144493245,8.316193077,1.742308032,4.70474678,3.197399088,5.804004752,2.588862958,0.564217035,0.240236469,0.246610947,0.173919484,5.480664895,6.203617147,2.539383122,1.105025419,3.215088122,1.021487509,4.043744105,0.309963776,4.50885432,1.844764783,1.657396308,8.163462657,7.631719002,3.884936915,4.859303764,7.603557613,5.498165145,2.604738412,2.597786972,9.189697811,11.36053552,0.389590299,1.595525916,0.70213092,0.622061871,4.648550129,12.02472517,2.293360853,4.141917722,0.307404651,7.847927464,2.832892608,3.983534881,1.034287615,0.332523549,3.904845812,15.20582045,3.648821173,1.71723308,2.904891689,0.127739729,3.701328042,3.837647208,3.522333131,2.964713376,0.412101397,3.454908775,5.944984219,0.26158888,0.782989056,3.197535651,0.065096398,7.689838122,0.101497009,0.595987612,0.853430475,9.309281866,7.404691495,0.38183016,5.72847037,6.616321362,16.10326029,0.889401339,2.667774513,1.838580302,1.176495411,0.926041651,7.895688724,1.185411613,4.722311267,1.059328573,32.74588827,3.633591827,10.88744577,0.099410144,17.29871828,0.530272531,0.675625481,8.221450295,0.581171989,0.126895832,1.128043665,0.046525942,6.604969132,0.1597043,0.639697646,5.222320459,5.80025256,6.731097778,3.908058712,0.754043535,6.126091694,1.508110224,0.151768434,0.306260273,3.79288134,0.702943087,12.9521708,1.483048812,13.29158773,2.619440246,4.692471511,0.89031337,0.21112464,0.12484497,4.480868101,1.904128302,15.1498852,3.304142608,2.375144934,5.060760015,2.38913885,0.646723652,1.542099372,0.399363829,7.563739495,0.325114844,0.78544084,756.7208835710003
2017-01-01,0.131694556,0.81330073,1.788786074,6.104133912,20.76902233,4.071308362,1.823560155,5.239717055,15.81831632,7.486161583,3.243341999,0.048951647,8.151095679,0.614754528,0.222474208,0.496851847,6.20129024,20.42732768,5.684363486,6.767050642,5.92135146,1.703146792,2.032547019,2.196418173,4.122573001,17.17391347,1.301030267,3.32414843,0.047867471,15.54457104,4.578884688,4.714019984,7.230985031,0.432123221,0.373279083,0.035012815,1.058563169,1.533229136,0.344026836,1.097676412,1.668702085,2.314084988,6.238953732,9.611647341,8.858293847,0.444868114,2.378953286,5.746767737,2.240059982,3.825637988,2.29664472,2.511649632,5.654254455,12.68422805,0.148684311,7.810154155,1.880427571,4.749542598,2.581348773,5.555651514,2.609975618,0.584105258,0.276776092,0.243913466,0.169570703,4.595850574,6.211250289,2.615581576,1.029997461,3.186200564,0.98207493,4.221085948,0.303213317,4.744601547,1.954725536,1.733360844,7.858737173,7.764841864,4.129653375,4.863133247,7.529868203,5.437857589,2.471884805,2.672228405,9.098304984,11.89614517,0.377928444,1.521409491,0.792658643,0.788415579,4.612191457,12.20028602,2.739812211,4.299515468,0.272211611,8.382057693,2.928904818,4.232244318,1.089349031,0.334682897,3.966902972,15.09216281,3.665855177,1.785209569,2.925422215,0.135703195,3.746993369,3.779372436,3.755118077,3.247870147,0.60881351,3.647330429,6.288160891,0.251666665,0.81492894,3.297451534,0.067345051,7.317875576,0.088416149,0.56844006,0.858282658,9.092131413,7.148044335,0.451639097,6.618133714,6.841033801,15.41601824,0.956344699,2.466662344,1.725909058,1.269338141,0.901868436,8.238615375,2.134895546,5.177519279,1.173719578,32.12798967,3.788405676,11.03519747,0.099324266,16.4667833,0.513556825,0.6355649,8.755841796,0.550288499,0.12552703,0.998728283,0.045239054,6.74276565,0.139311838,0.676047635,4.382113265,6.173666031,6.833179386,3.807034265,0.791246138,6.05156332,1.716224159,0.143173358,0.268884378,3.739642995,0.829929708,12.6995887,1.764671351,13.18584454,2.620384095,5.127196626,0.879894393,0.216427465,0.125587286,3.902198828,1.774986914,14.82326087,3.381745391,2.094221807,4.789392164,2.436029922,0.595448677,1.586830344,0.359621635,7.641675086,0.404067778,0.726297071,757.7198259530005
2018-01-01,0.1632953,0.777674934,1.782738948,6.362975399,18.39067806,3.975771971,1.934451579,5.296940139,15.49352925,7.133063919,3.292832354,0.061742872,8.196338589,0.646058116,0.23643815,0.517113005,5.82203361,19.63120569,7.260751623,6.799182648,6.245507315,1.644603729,2.046129929,2.071854677,4.325983846,17.5773964,1.391841887,3.243026912,0.049288796,15.65057904,4.40199099,4.624338351,7.487331894,0.406474439,0.380310156,0.037112771,1.237519175,1.582527692,0.360437441,1.121810223,1.674186481,2.355764257,6.054174614,9.492068199,8.536196091,0.417134646,2.373439837,5.718343553,2.381636338,3.920109085,2.349517438,2.518806451,5.492571471,11.58870366,0.157840173,8.082639791,1.844955795,4.575874163,2.415920485,5.427748177,2.568059536,0.627538298,0.302071193,0.241218342,0.170730038,4.912274137,6.0580184,2.871268408,1.120698338,3.324745367,1.048237401,4.019234669,0.295778642,4.746529359,2.15559759,1.8126965,7.737323783,7.792523264,4.244982955,4.819673475,6.87621041,5.37687093,2.933707295,2.486623181,8.801681435,11.8513159,0.340321563,1.779275005,0.897242084,0.776920319,4.767534994,12.22524582,2.741627996,4.051370164,0.23448965,8.477868963,2.913848872,3.692177873,1.00092296,0.346246108,4.158422562,15.33020757,4.042188179,1.802987555,3.153369697,0.12755921,4.072103192,3.58639514,3.51601022,3.198316143,0.613312795,4.017826292,6.79764812,0.235625091,0.838005587,3.264040403,0.076061492,7.752148815,0.086887436,0.561021958,0.79034855,8.783850008,7.076542655,0.540651882,5.619029655,6.603273193,15.65387186,0.882587328,2.408503314,1.706509986,1.299279851,0.878423813,8.213615723,1.977721253,4.813385529,1.217641784,31.0675333,3.86105157,11.49657125,0.104861259,15.46639077,0.499024787,0.642096144,8.406228967,0.551423307,0.112416113,1.060625402,0.043975888,6.606418045,0.141218175,0.6634065,3.836892218,6.058635474,6.784338879,3.538991742,0.800863195,5.994088416,1.616400069,0.141493648,0.292809244,3.702372341,0.953757415,12.48525493,1.550402586,12.79283075,2.584476847,5.000359011,0.86918729,0.213092987,0.137143292,4.159783074,1.896042363,15.22254765,3.412721809,2.268396697,4.574011483,2.989137469,0.71751941,1.478626161,0.341068402,7.515678605,0.445489133,0.857411269,752.129652918
